rank,in_auto_portfolio,source,player,market,line,play,model_prob,edge_pct,quality_score,stars,url_anchor
1,yes,NRFI,,first_inning,0.5,OVER,0.7908,33.08,80,4,nrfi.html
2,yes,NRFI,,first_inning,0.5,OVER,0.7766,31.66,80,4,nrfi.html
3,no,NRFI,,first_inning,0.5,OVER,0.7521,29.21,80,4,nrfi.html
4,no,NRFI,,first_inning,0.5,OVER,0.6991,23.91,80,4,nrfi.html
5,no,NRFI,,first_inning,0.5,OVER,0.6781,21.81,80,4,nrfi.html
6,no,NRFI,,first_inning,0.5,OVER,0.6593,19.93,79,4,nrfi.html
7,no,LOL,Inspired,lol_kills,3.5,UNDER,0.617,,78,4,lol-players.html
8,no,LOL,ShowMaker,lol_kills,3.5,OVER,0.625,,78,4,lol-players.html
9,no,LOL,Peyz,lol_kills,4.5,OVER,0.6126,,78,4,lol-players.html
10,no,NRFI,,first_inning,0.5,OVER,0.6316,17.16,77,4,nrfi.html
11,no,LOL,,lol_ml,-121,ML,0.5476,,76,5,lol.html
12,no,LOL,,lol_ml,-199,ML,0.6658,,76,5,lol.html
13,no,LOL,,lol_sweep,,SWEEP,0.4237,,76,5,lol.html
14,no,NRFI,,first_inning,0.5,OVER,0.5896,12.96,72,4,nrfi.html
15,no,NBA,,nba_ml,-192,HOME,0.657,,70,4,nba.html
16,no,LOL,,lol_parlay,8.0,3-leg,0.125,0.0,70,4,lol.html
17,no,LOL,,lol_parlay,8.0,3-leg,0.125,0.0,70,4,lol.html
18,no,NRFI,,first_inning,0.5,UNDER,0.6364,9.64,69,3,nrfi.html
19,no,NRFI,,first_inning,0.5,OVER,0.5537,9.37,69,3,nrfi.html
20,no,KBO,,kbo_ml,-126,ML,0.5568,,66,4,kbo.html
21,no,KBO,,kbo_ml,-120,ML,0.5457,,66,4,kbo.html
22,no,KBO,,kbo_over,-120,OVER,0.55,,66,4,kbo.html
23,no,NHL,,nhl_ml,-170,AWAY,0.629,,66,3,nhl.html
24,no,WNBA,,wnba_ml,-216,HOME,0.6834,,65,3,wnba.html
25,no,MLS,,mls_ml,-133,HOME,0.5712,,65,3,mls.html
26,no,NCAAF,,ncaaf_ml,-141,HOME,0.5855,,65,3,ncaaf.html
27,no,NCAAF,,ncaaf_ml,-141,HOME,0.5855,,65,3,ncaaf.html
28,no,NCAAF,,ncaaf_ml,-141,HOME,0.5855,,65,3,ncaaf.html
29,no,NCAAF,,ncaaf_ml,-141,HOME,0.5855,,65,3,ncaaf.html
30,no,DK,Andy Pages,batter_hits,0.5,OVER,0.6012,13.8,62,3,player.html?id=681624
31,no,DK,Freddie Freeman,batter_hits,0.5,OVER,0.6165,4.77,58,2,player.html?id=518692
32,no,DK,Garrett Mitchell,batter_hits,0.5,OVER,0.5821,10.64,55,2,player.html?id=669003
33,no,DK,Jackson Chourio,batter_total_bases,1.5,OVER,0.4766,14.86,54,2,player.html?id=694192
34,no,DK,Teoscar Hernandez,batter_hits,0.5,OVER,0.5875,4.64,54,2,player.html?id=606192
35,no,DK,Kyle Tucker,batter_hits,0.5,OVER,0.554,4.42,54,2,player.html?id=663656
36,no,DK,Cooper Pratt,batter_hits,0.5,OVER,0.5855,3.58,54,2,player.html?id=806198
37,no,DK,Shohei Ohtani,batter_hits,0.5,OVER,0.5933,8.78,53,2,player.html?id=660271
38,no,DK,Max Muncy,batter_hits,0.5,OVER,0.5561,8.08,53,2,player.html?id=571970
39,no,DK,Enrique Hernandez,batter_hits,0.5,OVER,0.5449,3.14,50,2,player.html?id=571771
40,no,DK,Mookie Betts,batter_total_bases,1.5,OVER,0.4364,6.05,47,1,player.html?id=605141
